"","month","starting_date","views","name","country","cities","tags","websites","swingplanit_link","observation_date"
"1","November 2025",28,1417,"Berlin Winter Hop - All Swing","Germany","Berlin","Teachers Confirmed","http://www.swingbase.de/winterhop","https://www.swingplanit.com/event/berlin-winter-hop-all-swing",2025-11-24
"2","November 2025",28,745,"Weekend Musicality & Swing dance workshop","France","Bordeaux","Teachers Confirmed","https://tapswingandco.fr/asc-anne-helene-bernard/","https://www.swingplanit.com/event/weekend-musicality-swing-dance-workshop",2025-11-24
"3","November 2025",28,1316,"Swing Craze Festival","Italy","Montesilvano - Pescara","Teachers Confirmed","http://www.swingonthebeach.com","https://www.swingplanit.com/event/swing-craze-festival",2025-11-24
"4","November 2025",28,3149,"Swingin’ Charlie","Germany","Karlsruhe","","https://swinginkarlsruhe.de/","https://www.swingplanit.com/event/swingin-charlie4",2025-11-24
"5","November 2025",28,1105,"Intensive Blues Workshop with Sep & Genia","Germany","Munich","","https://www.boogie-baeren.de/eventleser/blues-workshop-november-2025","https://www.swingplanit.com/event/intensive-blues-workshop-with-sep-genia",2025-11-24
"6","November 2025",28,1223,"Bota Gathering VII | Bota Groovy Weekend","Portugal","Porto","Teachers Confirmed","http://www.botagatherings.com","https://www.swingplanit.com/event/bota-gathering-vii-bota-groovy-weekend",2025-11-24
"7","November 2025",28,2809,"Lindy Rave camp! (2nd Edition)","Italy","Montecatini Terme","Teachers Confirmed","http://www.lindyrave.it","https://www.swingplanit.com/event/lindy-rave-camp-2nd-edition",2025-11-24
"8","November 2025",28,1234,"Skye & Naomi Workshop Weekend","United States","Boston","Teachers Confirmed","https://www.hoptothebeat.com/workshops","https://www.swingplanit.com/event/skye-naomi-workshop-weekend3",2025-11-24
"9","November 2025",28,1359,"Snowdown Swing","Croatia","Zagreb","Teachers Confirmed","http://www.snowdownswing.com","https://www.swingplanit.com/event/snowdown-swing1",2025-11-24
"10","November 2025",29,808,"Lindy Hop Workshops with Ryan Francois","United Kingdom","Bristol","Teachers Confirmed","https://fb.me/e/3l1ADob3d","https://www.swingplanit.com/event/lindy-hop-workshops-with-ryan-francois",2025-11-24
"11","November 2025",29,452,"SwingydiGuest Vol.IV: Paris","France","Paris","Teachers Confirmed","https://www.swingydiguest.com/","https://www.swingplanit.com/event/swingydiguest-vol.iv-paris",2025-11-24
"12","December 2025",4,1426,"Mahaveli Swing Festival","Reunion","L'Ãtang-SalÃ©","Teachers Confirmed","https://www.facebook.com/MahaveliSwingFestivalLaReunion974","https://www.swingplanit.com/event/mahaveli-swing-festival2",2025-11-24
"13","December 2025",4,2401,"Swinging Undermoon","Spain","Valencia","","http://www.swingingundermoon.com","https://www.swingplanit.com/event/swinging-undermoon6",2025-11-24
"14","December 2025",4,2172,"Blues Fever Festival","Austria","Vienna","Teachers Confirmed","https://www.bluesfever.eu","https://www.swingplanit.com/event/blues-fever-festival5",2025-11-24
"15","December 2025",5,1081,"European Balboa Festival","France","Toulouse","Teachers Confirmed","http://www.studiohop.com","https://www.swingplanit.com/event/european-balboa-festival5",2025-11-24
"16","December 2025",5,903,"Winter Swingtime","Switzerland","Lausanne","Teachers Confirmed","http://www.winterswingtime.com","https://www.swingplanit.com/event/winter-swingtime5",2025-11-24
"17","December 2025",5,2031,"JAM FACTORY the Festival","Italy","Rome","Teachers Confirmed","http://www.jamfactory.it","https://www.swingplanit.com/event/jam-factory-the-festival",2025-11-24
"18","December 2025",5,1471,"Strasbourg Christmas Swing","France","Strasbourg","Teachers Confirmed","http://christmasswing.fr/","https://www.swingplanit.com/event/strasbourg-christmas-swing2",2025-11-24
"19","December 2025",5,2414,"Da Shag","Germany","Darmstadt","Teachers Confirmed","https://www.betinafischer.net/da-shag-w-sandy/","https://www.swingplanit.com/event/da-shag",2025-11-24
"20","December 2025",5,1025,"Strasbourg Christmas Swing","France","Strasbourg","Teachers Confirmed","http://christmasswing.fr/","https://www.swingplanit.com/event/strasbourg-christmas-swing3",2025-11-24
"21","December 2025",6,421,"Bollnäs Lindy Weekend","Sweden","BollnÃ¤s","Teachers Confirmed","https://nimbusdansklubb.se/","https://www.swingplanit.com/event/bollnaes-lindy-weekend",2025-11-24
"22","December 2025",11,905,"Wild West Festival","Greece","Korinthos","Teachers Confirmed","https://wildwestfestival.gr/","https://www.swingplanit.com/event/wild-west-festival1",2025-11-24
"23","December 2025",12,1060,"Shanghai Lindy Festival 2025","China","Shanghai, China","Teachers Confirmed","http://www.shanghailindyfestival.com","https://www.swingplanit.com/event/shanghai-lindy-festival-2025",2025-11-24
"24","December 2025",12,1310,"Montpellier Lindy Hop Week-end","France","Mauguio","Teachers Confirmed","https://www.swingcatcie.com/montpellier-lindy-hop-week-end/","https://www.swingplanit.com/event/montpellier-lindy-hop-week-end6",2025-11-24
"25","December 2025",12,4349,"XmaSwing","Germany","Augsburg","Teachers Confirmed","http://www.xmaswing.com","https://www.swingplanit.com/event/xmaswing9",2025-11-24
"26","December 2025",13,1114,"Trieste Swings with Ari & Simon","Italy","Trieste","Teachers Confirmed","http://www.triesteswing.it","https://www.swingplanit.com/event/trieste-swings-with-ari-simon",2025-11-24
"27","December 2025",19,705,"Blues Retreat NL - Xmas edition","Netherlands","Oterleek (near Amsterdam)","","http://www.bluesretreat.nl","https://www.swingplanit.com/event/blues-retreat-nl-xmas-edition",2025-11-24
"28","December 2025",26,1893,"The Snowball","Sweden","Stockholm","Teachers Confirmed","http://www.thesnowball.se","https://www.swingplanit.com/event/the-snowball8",2025-11-24
"29","December 2025",26,1379,"Lindy Focus","United States","Asheville, North Carolina","","https://www.lindyfocus.com/","https://www.swingplanit.com/event/lindy-focus4",2025-11-24
"30","December 2025",27,2110,"Upside Down Festival","Belgium","Ghent","","https://www.upsidedownfestival.be/","https://www.swingplanit.com/event/upside-down-festival3",2025-11-24
"31","December 2025",28,1035,"Stormy Weather Jazz Dance Festival","United States","Seattle","Teachers Confirmed","http://www.stormyweatherjazzfest.com","https://www.swingplanit.com/event/stormy-weather-jazz-dance-festival1",2025-11-24
"32","December 2025",29,2888,"New Year’s Jam","Poland","Krakow","Teachers Confirmed","https://newyearsjam.pl/","https://www.swingplanit.com/event/new-years-jam4",2025-11-24
"33","December 2025",30,3682,"The New Year’s Eve Swing Marathon","Italy","Turin","Exchange","https://www.turin-lindy-hop-marathon.org/","https://www.swingplanit.com/event/the-new-years-eve-swing-marathon",2025-11-24
"34","December 2025",31,814,"New Year’s Eve Party for Swift Soles","Germany","Hamburg","Teachers Confirmed Exchange","https://www.newswinggeneration.de/new-years-eve-party-for-swift-soles-31-dezember/","https://www.swingplanit.com/event/new-years-eve-party-for-swift-soles",2025-11-24
"35","January 2026",2,2749,"Keep on Swingin’","Italy","Florence","Teachers Confirmed","https://swingstudio22.it/festival-swing-firenze/keep-on-swingin-2026/","https://www.swingplanit.com/event/keep-on-swingin2",2025-11-24
"36","January 2026",9,746,"The Battle","France","Toulouse","Teachers Confirmed","http://www.studiohop.com","https://www.swingplanit.com/event/the-battle4",2025-11-24
"37","January 2026",9,870,"Paris Winter Balboa Festival","France","Paris","Teachers Confirmed","https://www.helloasso.com/associations/couleurs-swing","https://www.swingplanit.com/event/paris-winter-balboa-festival",2025-11-24
"38","January 2026",9,1011,"Jitterbugs Delight","Switzerland","Basel","","http://www.jitterbugsdelight.ch","https://www.swingplanit.com/event/jitterbugs-delight6",2025-11-24
"39","January 2026",9,1350,"Swingin’ Twenties Charleston Weekend","Germany","Dresden","Teachers Confirmed","https://jam-circle.com/workshops/swingin-twenties-20s-charleston-workshop/","https://www.swingplanit.com/event/swingin-twenties-charleston-weekend",2025-11-24
"40","January 2026",9,23,"Swingin’ in the Rain (Switchy Edition)","Germany","Aachen","Teachers Confirmed","https://www.swinginaachen.de/swingin-in-the-rain/","https://www.swingplanit.com/event/swingin-in-the-rain-switchy-edition",2025-11-24
"41","January 2026",9,2073,"Crazy Blues - 7th Edition","Italy","Montecatini Terme (PT)","","http://www.crazyblues.it","https://www.swingplanit.com/event/crazy-blues-7th-edition",2025-11-24
"42","January 2026",9,1010,"Cheek to Cheek Swing Festival","Taiwan","Taipei City","Exchange","https://c2cswing.com/en/","https://www.swingplanit.com/event/cheek-to-cheek-swing-festival1",2025-11-24
"43","January 2026",9,576,"Super Flow On","France","Grenoble","Teachers Confirmed","https://www.grenobleswing.com/page/3569060-super-flow-on-2026","https://www.swingplanit.com/event/super-flow-on",2025-11-24
"44","January 2026",9,1430,"The Mess Around","Netherlands","The Hague","Teachers Confirmed","https://hofstadhop.com/mess-around/","https://www.swingplanit.com/event/mess-around-festival-by-hofstad-hop",2025-11-24
"45","January 2026",10,1790,"Lindy Hop Intensive Weekend","Germany","Augsburg","Teachers Confirmed","https://hepcatclub.com/events/lindy-trainingslager/","https://www.swingplanit.com/event/lindy-hop-intensive-weekend1",2025-11-24
"46","January 2026",10,1982,"Slow Balboa Weekend Munich","Germany","Munich","Teachers Confirmed","https://www.munichbalboa.de","https://www.swingplanit.com/event/slow-balboa-weekend-munich3",2025-11-24
"47","January 2026",15,1588,"Jumpin’ at Istanbul","Turkey","Istanbul","Teachers Confirmed","https://www.jumpinatistanbul.com","https://www.swingplanit.com/event/jumpin-at-istanbul3",2025-11-24
"48","January 2026",16,1175,"Save the Fast Dance","United Kingdom","Cambridge","Teachers Confirmed","https://www.cambridgeswingdance.com/events/stfd","https://www.swingplanit.com/event/save-the-fast-dance2",2025-11-24
"49","January 2026",16,400,"Blues Breeze","Germany","Konstanz","Teachers Confirmed","https://www.blues-in-konstanz.de/de/","https://www.swingplanit.com/event/blues-breeze",2025-11-24
"50","January 2026",16,1504,"Blues in Konstanz","Germany","Konstanz","Teachers Confirmed","http://www.blues-in-konstanz.de","https://www.swingplanit.com/event/blues-in-konstanz",2025-11-24
"51","January 2026",16,8,"Fest Ty Swing","France","Brest","Teachers Confirmed","https://www.fest-ty-swing.com","https://www.swingplanit.com/event/fest-ty-swing3",2025-11-24
"52","January 2026",16,2658,"Tuscany Balboa Weekend - 9th Edition","Italy","Montecatini Terme (PT)","","http://www.tuscanybalboaweekend.it","https://www.swingplanit.com/event/tuscany-balboa-weekend-9th-edition",2025-11-24
"53","January 2026",16,372,"VII Costa Del Swing Festival","Spain","BenalmÃ¡dena","Teachers Confirmed","https://costadelswingfestival.com/","https://www.swingplanit.com/event/vii-costa-del-swing-festival",2025-11-24
"54","January 2026",22,749,"California Balboa Classic","United States","Burbank, CA","Teachers Confirmed","https://calbalclassic.com","https://www.swingplanit.com/event/california-balboa-classic4",2025-11-24
"55","January 2026",22,2468,"Swing It Berlin!","Germany","Berlin","Teachers Confirmed","https://swingitberlin.com/","https://www.swingplanit.com/event/swing-it-berlin5",2025-11-24
"56","January 2026",23,2599,"Lindy Hopper’s Delight","Spain","Barcelona","Teachers Confirmed","https://lindyhoppersdelight.es/","https://www.swingplanit.com/event/lindy-hoppers-delight9",2025-11-24
"57","January 2026",23,712,"12th Lindy Szau’s Birthday Jam","Poland","Wroclaw","Teachers Confirmed","http://www.birthdayjam.pl","https://www.swingplanit.com/event/12th-lindy-szaus-birthday-jam",2025-11-24
"58","January 2026",23,2265,"Triple Step Madness","Netherlands","De Rijp (near Amsterdam)","Teachers Confirmed","http://triplestepmadness.nl","https://www.swingplanit.com/event/triple-step-madness1",2025-11-24
"59","January 2026",23,13,"Shag & Bal Weekend","Austria","Innsbruck","Teachers Confirmed","https://eveeno.com/shag_bal_jan","https://www.swingplanit.com/event/shag-bal-weekend",2025-11-24
"60","January 2026",23,120,"Aarhus Mini Blues Weekend","Denmark","Aarhus C","Teachers Confirmed","https://www.facebook.com/events/2138367046692634","https://www.swingplanit.com/event/aarhus-mini-blues-weekend",2025-11-24
"61","January 2026",23,348,"Swing me to the Moon","France","Aix-en-Provence","Teachers Confirmed","https://swing-me-to-the-moon.odoo.com/","https://www.swingplanit.com/event/swing-me-to-the-moon",2025-11-24
"62","January 2026",23,829,"The Adelaide Lindy Exchange","Australia","Adelaide, South Australia","Teachers Confirmed Exchange","https://www.swingthatthing.com.au/about-4","https://www.swingplanit.com/event/the-adelaide-lindy-exchange2",2025-11-24
"63","January 2026",24,550,"Balboa Edition Grenoble","France","Grenoble","Teachers Confirmed","http://www.vinniekatswing.com","https://www.swingplanit.com/event/balboa-edition-grenoble1",2025-11-24
"64","January 2026",29,1213,"Mainhatten Blues - Frankfurt Blues Festival","Germany","Frankfurt/Main","Teachers Confirmed","https://blues.rmswing.de/","https://www.swingplanit.com/event/mainhatten-blues-frankfurt-blues-festival",2025-11-24
"65","January 2026",30,2038,"Bal For Two 4th Edition","Italy","Milan","","http://www.lostintheshuffle.it","https://www.swingplanit.com/event/bal-for-two-4th-edition",2025-11-24
"66","January 2026",30,2599,"Balboa Dayz","Germany","Dresden","Teachers Confirmed","https://balboa-dayz.com","https://www.swingplanit.com/event/balboa-dayz9",2025-11-24
"67","January 2026",30,1724,"Switch Man Tau #1","Germany","Bremen","Teachers Confirmed","http://www.swingmantau.de","https://www.swingplanit.com/event/switch-man-tau-1",2025-11-24
"68","January 2026",30,1565,"Balboa Intensive & Slow Bal Special with Anna-Maria & Ralf","Germany","Augsburg","Teachers Confirmed","https://hepcatclub.com/events/balboa-trainingslager/","https://www.swingplanit.com/event/balboa-intensive-slow-bal-special-with-anna-maria-ralf",2025-11-24
"69","January 2026",30,1202,"The Happy GetAway","Denmark","Haslev","Teachers Confirmed","https://happyfeetstudio.dk/events/the-happy-getaway-2026/","https://www.swingplanit.com/event/the-happy-getaway2",2025-11-24
"70","January 2026",30,949,"Toronto Bal Weekend","Canada","Toronto","Teachers Confirmed","https://www.torontobalweekend.com/","https://www.swingplanit.com/event/toronto-bal-weekend3",2025-11-24
"71","January 2026",31,10,"Solo Jazz & Body Percussion with Leti","Germany","Munish","Teachers Confirmed","https://www.boogie-baeren.de/eventleser/solo-workshop-january-2026","https://www.swingplanit.com/event/solo-jazz-body-percussion-with-leti",2025-11-24
"72","January 2026",31,858,"Breezy Balboa Camp","Thailand","Hua Hin","Teachers Confirmed","https://www.breezybalboa.com/","https://www.swingplanit.com/event/breezy-balboa-camp1",2025-11-24
"73","January 2026",31,278,"Lindy Hop Special with Tadas & Pamela","Netherlands","Amsterdam","Teachers Confirmed","https://www.facebook.com/events/3905435179746459?acontext=%7B%22event_action_history%22%3A[%7B%22surface%22%3A%22home%22%7D%2C%","https://www.swingplanit.com/event/lindy-hop-special-with-tadas-pamela",2025-11-24
"74","February 2026",5,2086,"Nubalboa","Spain","Madrid","Teachers Confirmed","https://bigmamaswing.com/nubalboa","https://www.swingplanit.com/event/nubalboa7",2025-11-24
"75","February 2026",6,1049,"Jazzberry Hop","Czech Republic","Brno","","https://jazzberry.swingwings.cz/","https://www.swingplanit.com/event/jazzberry-hop1",2025-11-24
"76","February 2026",6,844,"Breezy Balboa Weekend","Thailand","Bangkok","Teachers Confirmed","https://www.breezybalboa.com","https://www.swingplanit.com/event/breezy-balboa-weekend1",2025-11-24
"77","February 2026",6,473,"Bal-Inspiration 4th edition","Switzerland","Zurich","Teachers Confirmed","http://www.bal-inspiration.downtownswing.ch/","https://www.swingplanit.com/event/bal-inspiration-4th-edition",2025-11-24
"78","February 2026",6,13,"Winter Swing Festival","France","ChÃ¢teaurenard 13160","","https://www.facebook.com/share/14RkSoYPzUP/","https://www.swingplanit.com/event/winter-swing-festival7",2025-11-24
"79","February 2026",6,70,"All That Blues Festival","Germany","Saarbruecken","Teachers Confirmed","www.allthatbluesfestival.weebly.com","https://www.swingplanit.com/event/all-that-blues-festival3",2025-11-24
"80","February 2026",6,253,"Big Red","United States","Bloomington, Indiana","Teachers Confirmed","https://iubigred.weebly.com/","https://www.swingplanit.com/event/big-red1",2025-11-24
"81","February 2026",12,860,"19th Rock That Swing Festival","Germany","Munich","","http://www.rockthatswing.com","https://www.swingplanit.com/event/19th-rock-that-swing-festival",2025-11-24
"82","February 2026",13,486,"Christchurch Swing Festival (CSF)","New Zealand","Christchurch","Teachers Confirmed","https://swingtownrebels.co.nz/christchurch-swing-festival-2026/","https://www.swingplanit.com/event/christchurch-swing-festival-csf",2025-11-24
"83","February 2026",13,411,"Budapest Balboa Meeting 2","Hungary","Budapest","Teachers Confirmed","http://www.budapestbalboameeting.com","https://www.swingplanit.com/event/budapest-balboa-meeting-2",2025-11-24
"84","February 2026",13,566,"What’s Hop!?","Netherlands","Nijmegen","Teachers Confirmed","https://whats-hop.com/","https://www.swingplanit.com/event/whats-hop2",2025-11-24
"85","February 2026",13,192,"Shag Around Festival","Spain","Zaragoza","","https://www.shagaround.com/","https://www.swingplanit.com/event/shag-around-festival",2025-11-24
"86","February 2026",13,56,"The B’ham Swing Jam","United States","Bellingham","","http://www.bhamhop.com/JAM","https://www.swingplanit.com/event/the-bham-swing-jam1",2025-11-24
"87","February 2026",13,1471,"Scandinavian Shuffle","Finland","Helsinki","Exchange","https://www.scandinavianshuffle.com/","https://www.swingplanit.com/event/scandinavian-shuffle9",2025-11-24
"88","February 2026",19,1872,"Winter Jump","Norway","Oslo","Teachers Confirmed","http://www.winterjump.com","https://www.swingplanit.com/event/winter-jump10",2025-11-24
"89","February 2026",19,333,"BAL’DAMn Festival","Netherlands","Amsterdam","Teachers Confirmed","http://www.jazzeventsamsterdam.com/baldamn/","https://www.swingplanit.com/event/baldamn-festival",2025-11-24
"90","February 2026",20,2087,"SwingInRoma","Italy","Rome","Teachers Confirmed","http://www.swinginroma.com","https://www.swingplanit.com/event/swinginroma1",2025-11-24
"91","February 2026",20,2113,"Hülly Hop Swing Farm","Germany","Drochtersen-HÃ¼ll near Hamburg","","http://www.swing.farm/","https://www.swingplanit.com/event/huelly-hop-swing-farm4",2025-11-24
"92","February 2026",20,1720,"Salt City Stomp","United States","Salt Lake City","Teachers Confirmed","https://www.saltcitystomp.com/","https://www.swingplanit.com/event/salt-city-stomp2",2025-11-24
"93","February 2026",20,1510,"Swingmaneje Relax Festival","Spain","Balneario de Archena- Murcia","","http://www.swingmaneje.com","https://www.swingplanit.com/event/swingmaneje-relax-festival1",2025-11-24
"94","February 2026",20,629,"Emerald Swing","Ireland","Dublin","Teachers Confirmed","https://pobailstomp.dancecloud.com/dance/38359","https://www.swingplanit.com/event/emerald-swing2",2025-11-24
"95","February 2026",26,1949,"Leapin’ Lindy","Switzerland","Bern","","https://leapinlindy.ch/","https://www.swingplanit.com/event/leapin-lindy13",2025-11-24
"96","February 2026",26,1036,"Cocoa Blues & Fusion Exchange Barcelona","Spain","Barcelona","Exchange","http://www.cocoablux.com","https://www.swingplanit.com/event/cocoa-blues-fusion-exchange-barcelona7",2025-11-24
"97","February 2026",27,1092,"University of Swing","United Kingdom","Edinburgh","Teachers Confirmed","https://www.facebook.com/EUSDS/?locale=en_GB","https://www.swingplanit.com/event/university-of-swing9",2025-11-24
"98","February 2026",27,497,"Swingin’ at the Savoy","United States","Oakland","","https://swinginatthesavoy.com/","https://www.swingplanit.com/event/swingin-at-the-savoy8",2025-11-24
"99","February 2026",27,454,"Sofia Blues Festival","Bulgaria","Sofia","","https://sofiabluesfest.com/","https://www.swingplanit.com/event/sofia-blues-festival1",2025-11-24
"100","February 2026",27,1742,"Pisa Swing Festival – Hop The Tower","Italy","Pisa","Teachers Confirmed","https://www.facebook.com/events/s/pisa-swing-festival-hop-the-to/707173791689172/?rdid=flrGDyRLoOIDaRO8#","https://www.swingplanit.com/event/pisa-swing-festival-hop-the-tower",2025-11-24
"101","February 2026",27,358,"Slow Bal and Balboa Weekend Hamburg","Germany","Hamburg","Teachers Confirmed","http://www.newswinggeneration.de","https://www.swingplanit.com/event/slow-bal-and-balboa-weekend-hamburg",2025-11-24
"102","February 2026",27,203,"Dayton Swing Smackdown","United States","Dayton, Ohio","Competitions Held","https://daytonswingsmackdown.com/","https://www.swingplanit.com/event/dayton-swing-smackdown4",2025-11-24
"103","March 2026",5,2521,"Berlin Balboa Weekend","Germany","Berlin","","http://www.berlinbalboaweekend.de","https://www.swingplanit.com/event/berlin-balboa-weekend13",2025-11-24
"104","March 2026",6,733,"Fallin in Blues","France","Grenoble","","https://www.grenobleswing.com/page/939511-fallin-in-blues","https://www.swingplanit.com/event/fallin-in-blues7",2025-11-24
"105","March 2026",6,1143,"Bal’heim","Norway","Trondheim","Teachers Confirmed","https://ntnui.no/balheim/","https://www.swingplanit.com/event/balheim2",2025-11-24
"106","March 2026",6,16,"Prague Lindy Hop Weekend","Czech Republic","Prague","Teachers Confirmed","http://www.swingmove.cz/lhw","https://www.swingplanit.com/event/prague-lindy-hop-weekend",2025-11-24
"107","March 2026",6,1973,"B.T.Switch","Germany","Darmstadt","","http://www.btswing.dance","https://www.swingplanit.com/event/b.t.switch2",2025-11-24
"108","March 2026",6,72,"LISA - Ljubljana International Swing Academy","Slovenia","Ljubljana","Teachers Confirmed","http://www.vintage-lisa.com","https://www.swingplanit.com/event/lisa-ljubljana-international-swing-academy4",2025-11-24
"109","March 2026",6,1100,"Big City Blues","Belgium","Ghent","","https://www.bigcityblues.be/","https://www.swingplanit.com/event/big-city-blues5",2025-11-24
"110","March 2026",12,531,"Lindyfest - The Great Southwest","United States","Houston, TX","Teachers Confirmed","http://www.lindyfest.org","https://www.swingplanit.com/event/lindyfest-the-great-southwest1",2025-11-24
"111","March 2026",13,1875,"Roma Balboa Weekend","Italy","Rome","Teachers Confirmed","http://www.romabalboaweekend.com","https://www.swingplanit.com/event/roma-balboa-weekend9",2025-11-24
"112","March 2026",13,17,"Swing Art Festival","France","Bordeaux","Teachers Confirmed","https://swingartfestival.fr/en/home-2/","https://www.swingplanit.com/event/swing-art-festival1",2025-11-24
"113","March 2026",13,206,"Vietnam Lindy Exchange","Viet Nam","Hoi An","Exchange","http://www.thevlx.net","https://www.swingplanit.com/event/vietnam-lindy-exchange9",2025-11-24
"114","March 2026",14,1204,"Battle AJT","France","Paris","","http://www.battle-ajt.com/","https://www.swingplanit.com/event/battle-ajt",2025-11-24
"115","March 2026",16,354,"Mozambique Afro Swing Exchange","Mozambique","Maputo, Mozambique","Teachers Confirmed","www.masx.org","https://www.swingplanit.com/event/mozambique-afro-swing-exchange1",2025-11-24
"116","March 2026",19,282,"Swingin’ Spring","Sweden","Gothenburg","Teachers Confirmed","http://www.swinginspring.se","https://www.swingplanit.com/event/swingin-spring8",2025-11-24
"117","March 2026",20,15,"Aberdeen’s Hop Potato","United Kingdom","Aberdeen","","https://www.instagram.com/p/DQuw234gAYI/","https://www.swingplanit.com/event/aberdeens-hop-potato",2025-11-24
"118","March 2026",20,913,"Fast Feet Charlie","Germany","Karlsruhe","","https://swinginkarlsruhe.de/workshops/fast-feet-charlie-2026/","https://www.swingplanit.com/event/fast-feet-charlie3",2025-11-24
"119","March 2026",20,2001,"Vienna Balboa & Laminu Experience","Austria","Vienna","Teachers Confirmed","https://balboa-baby.at/vble","https://www.swingplanit.com/event/vienna-balboa-laminu-experience7",2025-11-24
"120","March 2026",20,808,"Ljubljana Bunny Hop","Slovenia","Ljubljana","Teachers Confirmed","https://bunnyhopljubljana.com/","https://www.swingplanit.com/event/ljubljana-bunny-hop1",2025-11-24
"121","March 2026",20,739,"Swing Sanctuary","United Kingdom","Cambridge","Teachers Confirmed","https://www.cambridgeswingdance.com/events","https://www.swingplanit.com/event/swing-sanctuary7",2025-11-24
"122","March 2026",20,399,"RoffaShag","Netherlands","Rotterdam","Teachers Confirmed","https://www.swinginrhythm.nl/","https://www.swingplanit.com/event/roffashag1",2025-11-24
"123","March 2026",20,1644,"The Blues’ Timing","Italy","Florence","","https://swingstudio22.it/festival-swing-firenze/the-blues-timing-firenze-2025/","https://www.swingplanit.com/event/the-blues-timing3",2025-11-24
"124","March 2026",20,597,"Niigata Swing Weekend","Japan","Niigata","Teachers Confirmed","https://niigataswingweekend.my.canva.site/","https://www.swingplanit.com/event/niigata-swing-weekend1",2025-11-24
"125","March 2026",20,491,"Vintage Swing Party Vol IV","Denmark","Sonderborg","Teachers Confirmed","http://www.sonderborglindyhoppers.dk","https://www.swingplanit.com/event/vintage-swing-party-vol-iv",2025-11-24
"126","March 2026",20,221,"Duke’s Blues","Luxembourg","Luxembourg","","https://facebook.com/events/s/dukes-blues-2026/1110140820494153/","https://www.swingplanit.com/event/dukes-blues2",2025-11-24
"127","March 2026",20,194,"30 Years of Edinburgh Swing Dance Society","United Kingdom","Edinburgh","Teachers Confirmed","http://www.esds.org.uk/30th-anniversary","https://www.swingplanit.com/event/30-years-of-edinburgh-swing-dance-society",2025-11-24
"128","March 2026",20,285,"Meet The Music","France","Toulouse","","http://www.studiohop.com","https://www.swingplanit.com/event/meet-the-music1",2025-11-24
"129","March 2026",26,860,"Bosphorus Swing Festival","Turkey","Istanbul","Teachers Confirmed","https://www.bosphorusswingfest.com/","https://www.swingplanit.com/event/bosphorus-swing-festival1",2025-11-24
"130","March 2026",27,1585,"Sweet Bal Weekend (Slow Bal & Balboa)","Germany","Augsburg","Teachers Confirmed","http://www.augsburgbalboa.com","https://www.swingplanit.com/event/sweet-bal-weekend-slow-bal-balboa1",2025-11-24
"131","March 2026",27,867,"Bal Spring Break","United Kingdom","Bournemouth","Teachers Confirmed","https://spring.balbreak.co.uk/","https://www.swingplanit.com/event/bal-spring-break3",2025-11-24
"132","March 2026",27,4,"Meet in the Middle","Canada","Kingston, Ontario","","https://mitm2026.my.canva.site/","https://www.swingplanit.com/event/meet-in-the-middle2",2025-11-24
"133","March 2026",27,9,"Backdoor to Blues","France","Paris","Teachers Confirmed","https://www.leschatonsswingueurs.tf/cours-et-activites-a-paris-swing-lindy-hop-solo-jazz-charleston-blues/backdoor-to-blues-2026","https://www.swingplanit.com/event/backdoor-to-blues3",2025-11-24
"134","March 2026",27,318,"Lindy Hop Special with Nils & Bianca","Netherlands","msterdam","Teachers Confirmed","https://www.facebook.com/events/768150432849829?acontext=%7B%22event_action_history%22%3A[%7B%22surface%22%3A%22home%22%7D%2C%7","https://www.swingplanit.com/event/lindy-hop-special-with-nils-bianca",2025-11-24
"135","March 2026",27,260,"River City Mess Around","United States","St. Louis, Missouri","Exchange","https://www.rivercityswingout.com/rcma","https://www.swingplanit.com/event/river-city-mess-around2",2025-11-24
"136","March 2026",27,317,"Fast Feet Fest","United Kingdom","Glasgow","Teachers Confirmed","https://www.glasgowlindyhoppers.co.uk","https://www.swingplanit.com/event/fast-feet-fest4",2025-11-24
"137","March 2026",27,741,"Jurassic Bal","Australia","Canberra","","http://www.jurassicbal.com","https://www.swingplanit.com/event/jurassic-bal2",2025-11-24
"138","April 2026",1,1851,"Barswingona","Spain","Barcelona","Teachers Confirmed","http://www.barswingona.com","https://www.swingplanit.com/event/barswingona7",2025-11-24
"139","April 2026",2,1639,"Paris Jazz Roots","France","Paris","","https://www.jazzroots.fr/","https://www.swingplanit.com/event/paris-jazz-roots",2025-11-24
"140","April 2026",3,823,"IsThereHop?","Switzerland","Zurich","","http://www.istherehop.ch/","https://www.swingplanit.com/event/istherehop6",2025-11-24
"141","April 2026",9,1669,"Spring Lindy Weekend","Spain","Pamplona","","http://www.springlindyweekend.es","https://www.swingplanit.com/event/spring-lindy-weekend8",2025-11-24
"142","April 2026",9,5,"Portland Lindy Exchange (PDXLX)","United States","Portland, OR","","https://www.portlandlindysociety.com/pdxlx","https://www.swingplanit.com/event/portland-lindy-exchange-pdxlx1",2025-11-24
"143","April 2026",9,2025,"Alpine Jitterbugs - Shag n Bal 2026","Austria","Innsbruck","","http://www.alpinejitterbugs.com","https://www.swingplanit.com/event/alpine-jitterbugs-shag-n-bal-2026",2025-11-24
"144","April 2026",10,666,"Jump Up North Festival","Germany","Hamburg","Teachers Confirmed","http://www.jumpupnorth.com/","https://www.swingplanit.com/event/jump-up-north-festival",2025-11-24
"145","April 2026",10,328,"ESpanish Blues Festival Spring edition","Spain","Madrid","Teachers Confirmed","https://www.espanishblues.com/event-info.html","https://www.swingplanit.com/event/espanish-blues-festival-spring-edition2",2025-11-24
"146","April 2026",10,840,"Sicilian SwingAge Festival","Italy","Palermo","","https://www.sicilianswingagefestival.com/?fbclid=PAdGRleANQmGNleHRuA2FlbQIxMQABp7xrwelmFmgvz1qvHRoFxEO2XI3yCjBPEFmntAhDd-iwYs-tL","https://www.swingplanit.com/event/sicilian-swing-festival",2025-11-24
"147","April 2026",10,1155,"Kind Of A Big Deal Weekend","United States","Boston, Massachusetts","","https://kindofbigdealweekend.blogspot.com","https://www.swingplanit.com/event/kind-of-a-big-deal-weekend7",2025-11-24
"148","April 2026",10,159,"O’Slow","Norway","Oslo","Teachers Confirmed","https://oslow.bardarswingclub.no/","https://www.swingplanit.com/event/oslow3",2025-11-24
"149","April 2026",11,562,"The Pulse","Ireland","Cork","Teachers Confirmed","https://www.swingdancecork.com/thepulsefestival","https://www.swingplanit.com/event/the-pulse1",2025-11-24
"150","April 2026",11,12,"Nice Swing Festival","France","Nice","","https://sites.google.com/view/swinginnice/evenements-swing-nice/nice-swing-festival?authuser=0","https://www.swingplanit.com/event/nice-swing-festival3",2025-11-24
"151","April 2026",16,681,"Come Around The Pott","Germany","Dortmund","Teachers Confirmed","http://www.lindypott.de","https://www.swingplanit.com/event/come-around-the-pott",2025-11-24
"152","April 2026",16,914,"Bal Wave - Balboa & Slow Bal Festival","Italy","Catania","Teachers Confirmed","https://www.bal-wave.com/","https://www.swingplanit.com/event/bal-wave-balboa-slow-bal-festival",2025-11-24
"153","April 2026",17,524,"Open the Arts Festival","Germany","Saarlouis","","https://www.openthearts.de/","https://www.swingplanit.com/event/open-the-arts-festival1",2025-11-24
"154","April 2026",17,620,"Swing Train Festival - VII Edition","Italy","Turin","Teachers Confirmed","https://www.dustyjazz.it/it/eventi/swing-train-festival-202604172000","https://www.swingplanit.com/event/swing-train-festival-vii-edition",2025-11-24
"155","April 2026",17,245,"St Andrews Lindy Exchange","United Kingdom","St Andrews","Exchange","https://www.instagram.com/sta_lindyexchange/","https://www.swingplanit.com/event/st-andrews-lindy-exchange",2025-11-24
"156","April 2026",17,1180,"Swingin’ by the Sound","United States","Port Townsend, Washington","Teachers Confirmed","https://www.swinginbythesound.com/","https://www.swingplanit.com/event/swingin-by-the-sound4",2025-11-24
"157","April 2026",17,216,"Gentse Hoppers Exchange","Belgium","Ghent","Exchange","https://www.gentsehoppersexchange.com","https://www.swingplanit.com/event/gentse-hoppers-exchange7",2025-11-24
"158","April 2026",17,277,"Back to Jitterbug","France","Lyon","Teachers Confirmed","http://www.backtojitterbug.com","https://www.swingplanit.com/event/back-to-jitterbug1",2025-11-24
"159","April 2026",23,893,"Sitges Balboa Beach","Spain","Sitges","","http://www.sitgesbalboabeach.com","https://www.swingplanit.com/event/sitges-balboa-beach7",2025-11-24
"160","April 2026",24,1070,"Swingcake Balboa Workshop","Germany","TÃ¼bingen","Teachers Confirmed","http://www.swingcaketuebingen.de","https://www.swingplanit.com/event/swingcake-balboa-workshop",2025-11-24
"161","April 2026",24,1027,"Swingin’ Spring Weekend Dresden","Germany","Dresden","","https://dresden-hepcats.de/workshops/past-workshops/past-workshop-details/ssw-2025-03-14","https://www.swingplanit.com/event/swingin-spring-weekend-dresden",2025-11-24
"162","April 2026",24,1304,"Krak The Shag¡ Hola Balboa!","Poland","Krakow","Teachers Confirmed","https://kraktheshag.com/","https://www.swingplanit.com/event/krak-the-shag-hola-balboa5",2025-11-24
"163","April 2026",24,3,"DC Lindy Exchange","United States","Washington DC","Exchange","https://dclx.org/","https://www.swingplanit.com/event/dc-lindy-exchange",2025-11-24
"164","April 2026",30,394,"Lazy River","Austria","Vienna","Teachers Confirmed","http://www.lazyriverfestival.com","https://www.swingplanit.com/event/lazy-river2",2025-11-24
"165","May 2026",1,618,"Downtown Jazz Jam","United Kingdom","London","Teachers Confirmed","https://downtownjazzjam.uk","https://www.swingplanit.com/event/downtown-jazz-jam",2025-11-24
"166","May 2026",1,526,"Minor Swing","Sweden","Gothenburg","Teachers Confirmed","http://www.minorswing.se","https://www.swingplanit.com/event/minor-swing7",2025-11-24
"167","May 2026",1,1392,"Come Around Balboa Weekend","Hungary","Szekesfehervar","Teachers Confirmed","https://www.comearound-balboaweekend.hu/en/","https://www.swingplanit.com/event/come-around-balboa-weekend3",2025-11-24
"168","May 2026",7,11,"The BRUX - Brussels Exchange","Belgium","Brussels","Exchange","https://www.thebrux.be","https://www.swingplanit.com/event/the-brux-brussels-exchange1",2025-11-24
"169","May 2026",8,283,"Uptown Rhythm","Lithuania","Vilnius","Teachers Confirmed","https://uptownrhythm.lt","https://www.swingplanit.com/event/uptown-rhythm7",2025-11-24
"170","May 2026",8,226,"Yodel Hop","Austria","Ginzling, Zillertal, Tyrol, Austria","","http://www.yodelhop.at","https://www.swingplanit.com/event/yodel-hop",2025-11-24
"171","May 2026",15,928,"Interamna Swing Festival","Italy","Terni","Teachers Confirmed","http://www.interamnaswing.com","https://www.swingplanit.com/event/interamna-swing-festival",2025-11-24
"172","May 2026",15,278,"Portocolom Swing Festival","Spain","Portocolom, Felanitx, Illes Balears","","https://www.instagram.com/portocolom_swing_festival/","https://www.swingplanit.com/event/portocolom-swing-festival",2025-11-24
"173","May 2026",21,441,"Madrid Swing Exchange","Spain","Madrid","Exchange","http://www.madridswingexchange.es/","https://www.swingplanit.com/event/madrid-swing-exchange1",2025-11-24
"174","May 2026",22,541,"Tallinn Swing Weekend","Estonia","Tallinn","","http://www.tsweekend.ee","https://www.swingplanit.com/event/tallinn-swing-weekend9",2025-11-24
"175","May 2026",29,428,"Spring Jam","United States","Minneapolis, MN","Teachers Confirmed","http://www.springjammpls.com","https://www.swingplanit.com/event/spring-jam",2025-11-24
"176","May 2026",29,370,"Back Home Again in Indiana","United States","Indianapolis, Indiana","","https://www.backhomeagain.dance/","https://www.swingplanit.com/event/back-home-again1",2025-11-24
"177","May 2026",29,11,"Roffa Balboa Brew","Netherlands","Rotterdam","Teachers Confirmed","https://www.roffaswing.nl/events","https://www.swingplanit.com/event/roffa-balboa-brew1",2025-11-24
"178","May 2026",29,2072,"Sunny Slide Swing Fest","Italy","Silvi Marina - Italy","","http://www.sunnyslideswingfest.com","https://www.swingplanit.com/event/sunny-slide-swing-fest2",2025-11-24
"179","June 2026",4,646,"Lakedance","Germany","Konstanz","Teachers Confirmed Exchange","https://www.swing-ex-konstanz.de/","https://www.swingplanit.com/event/lakedance2",2025-11-24
"180","June 2026",5,416,"Slow Flow","Spain","Madrid","","https://bigmamaswing.com/index.php/eventos/Festival_slow_Flow","https://www.swingplanit.com/event/slow-flow2",2025-11-24
"181","June 2026",5,582,"Summer Tyne Swing","United Kingdom","Newcastle upon Tyne","Teachers Confirmed","https://swingtyne.com/summer-tyne-swing/","https://www.swingplanit.com/event/summer-tyne-swing",2025-11-24
"182","June 2026",5,359,"Liesel Hop","Germany","GÃ¶ttingen","Exchange","https://www.liesel-hop.de","https://www.swingplanit.com/event/liesel-hop",2025-11-24
"183","June 2026",5,1167,"Spirit of swing festival Aix en Provence","France","Aix En Provence","Teachers Confirmed","http://www.spiritofswing.com","https://www.swingplanit.com/event/spirit-of-swing-festival-aix-en-provence",2025-11-24
"184","June 2026",6,525,"Balboa Edition Grenoble Special","France","Grenoble","Teachers Confirmed","https://www.vinniekatswing.com","https://www.swingplanit.com/event/balboa-edition-grenoble-special",2025-11-24
"185","June 2026",8,982,"Swingin the Bay","Greece","Chalkidiki","","http://www.swinginthebay.com","https://www.swingplanit.com/event/swingin-the-bay3",2025-11-24
"186","June 2026",11,33,"Hepcats Festival","Turkey","Istanbul","","http://www.hepcatsfestival.com","https://www.swingplanit.com/event/hepcats-festival",2025-11-24
"187","June 2026",12,771,"Sendai Balboa Festival with Kate & David","Japan","Sendai","Teachers Confirmed","https://fb.me/e/9375RFEiF","https://www.swingplanit.com/event/sendai-balboa-festival-with-kate-david",2025-11-24
"188","June 2026",12,47,"Málaga Balboa Weekend","Spain","MÃ¡laga","Teachers Confirmed","https://www.facebook.com/Blue.SwingTorremolinos","https://www.swingplanit.com/event/malaga-balboa-weekend",2025-11-24
"189","June 2026",12,216,"Midsummer Swing","Latvia","Riga","","https://www.midsummerswing.com/","https://www.swingplanit.com/event/midsummer-swing3",2025-11-24
"190","June 2026",19,628,"Queer Swing Dance Exchange Zurich","Switzerland","Zurich","Exchange","http://www.queerswingzurich.com","https://www.swingplanit.com/event/queer-swing-dance-exchange-zurich",2025-11-24
"191","June 2026",19,1030,"WGC Swing Festival","United Kingdom","Welwyn Garden City","","http://www.wgcvintagefestival.com","https://www.swingplanit.com/event/wgc-swing-festival",2025-11-24
"192","June 2026",26,624,"Humdinger","United Kingdom","Weston-super-Mare","","http://www.humdinger-events.com","https://www.swingplanit.com/event/humdinger",2025-11-24
"193","June 2026",26,6,"Balboa Delight","Switzerland","Basel","","http://www.jitterbugsdelight.ch/balboa","https://www.swingplanit.com/event/balboa-delight4",2025-11-24
"194","July 2026",3,440,"What a Jazz summer camp","Lithuania","","Teachers Confirmed","http://www.whatajazz.lt","https://www.swingplanit.com/event/what-a-jazz-summer-camp3",2025-11-24
"195","July 2026",3,536,"Midnight Sun Swing Festival","Finland","Helsinki","","http://www.midnightsunswing.fi/","https://www.swingplanit.com/event/midnight-sun-swing-festival",2025-11-24
"196","July 2026",4,533,"Herrang Dance Camp Week 1","Sweden","Herrang","Teachers Confirmed","http://www.herrang.com","https://www.swingplanit.com/event/herrang-dance-camp-week-11",2025-11-24
"197","July 2026",10,370,"Slow Soirée- Brisbane Slow Dance Exchange","Australia","Brisbane","","https://slowsoiree.com.au/","https://www.swingplanit.com/event/slow-soiree-brisbane-slow-dance-exchange",2025-11-24
"198","July 2026",10,1644,"Slow Dance Soirée","United States","Rochester NY","","https://www.slowdancesoiree.com/","https://www.swingplanit.com/event/slow-dance-soiree5",2025-11-24
"199","July 2026",11,364,"Herrang Dance Camp Week 2","Sweden","Sweden","Teachers Confirmed","https://www.herrang.com/","https://www.swingplanit.com/event/herrang-dance-camp-week-21",2025-11-24
"200","July 2026",17,1048,"BTX","Japan","Tokyo","Exchange","https://www.instagram.com/balboaintokyo/?utm_source=ig_web_button_share_sheet&igsh=ZjEwM3BiNWE4OHlm#","https://www.swingplanit.com/event/btx",2025-11-24
"201","July 2026",18,339,"Herrang Dance Camp Week 3","Sweden","Herrang","Teachers Confirmed","http://www.herrang.com","https://www.swingplanit.com/event/herrang-dance-camp-week-31",2025-11-24
"202","July 2026",24,3,"Winter Swing Festival","Australia","Hobart","Exchange","http://www.tasswing.com.au","https://www.swingplanit.com/event/winter-swing-festival6",2025-11-24
"203","July 2026",25,362,"Herrang Dance Camp Week 4","Sweden","Herrang","Teachers Confirmed","http://www.herrang.com","https://www.swingplanit.com/event/herrang-dance-camp-week-41",2025-11-24
"204","July 2026",29,848,"Novelläng - Swing in the Amalfi Coast","Italy","Tramonti (SA)","","http://www.novellangswingcamp.com","https://www.swingplanit.com/event/novellaeng-swing-in-the-amalfi-coast",2025-11-24
"205","August 2026",1,312,"Family Blues Camp","Italy","Tuscany","Teachers Confirmed","https://familybluescamp.ch/","https://www.swingplanit.com/event/family-blues-camp",2025-11-24
"206","August 2026",7,41,"Flower City Swing & Blues Exchange","United States","Rochester, NY","Exchange","http://www.flowercityswingblues.com","https://www.swingplanit.com/event/flower-city-swing-blues-exchange",2025-11-24
"207","August 2026",27,778,"Velo-Swing Festival","Germany","SaarbrÃ¼cken","Teachers Confirmed","https://www.veloswingfestival.com/","https://www.swingplanit.com/event/velo-swing-festival9",2025-11-24
"208","August 2026",28,14,"Dornbirn Summer Swivel","Austria","Dornbirn","","https://www.laendlehop.at/","https://www.swingplanit.com/event/dornbirn-summer-swivel4",2025-11-24
"209","August 2026",28,311,"The Uptown Swingout","United States","Minneapolis, MN","","http://www.uptownswingout.com","https://www.swingplanit.com/event/the-uptown-swingout7",2025-11-24
"210","August 2026",28,10,"Velo-Swing Festival","Germany","Saarbruecken","Teachers Confirmed","https://www.veloswingfestival.com/","https://www.swingplanit.com/event/velo-swing-festival10",2025-11-24
"211","September 2026",11,16,"Season of the Switch","Germany","","","https://www.seasonoftheswitch.com/home","https://www.swingplanit.com/event/season-of-the-switch",2025-11-24
"212","September 2026",11,3,"Shag Delight","Switzerland","Basel","","http://www.jitterbugsdelight.ch/shag","https://www.swingplanit.com/event/shag-delight4",2025-11-24
"213","September 2026",17,3,"Barcelona Lindy Exchange - BLE","Spain","Barcelona","Teachers Confirmed Exchange","https://barcelonalindyexchange.com/","https://www.swingplanit.com/event/barcelona-lindy-exchange-ble2",2025-11-24
"214","September 2026",18,1594,"Swing Man Tau","Germany","Bremen","","https://swingmantau.de/","https://www.swingplanit.com/event/swing-man-tau4",2025-11-24
"215","September 2026",18,22,"Belta Blues and fusion","United Kingdom","Newcastle upon Tyne","","https://www.hoodooblues.dance","https://www.swingplanit.com/event/belta-blues-and-fusion",2025-11-24
"216","September 2026",25,224,"Augsburg Balboa & Shag Festival","Germany","Augsburg","","https://www.augsburgbalboa.com","https://www.swingplanit.com/event/augsburg-balboa-shag-festival3",2025-11-24
"217","October 2026",9,4,"NY Lindy Exchange","United States","New York City","Exchange","https://www.nylindy.com/","https://www.swingplanit.com/event/ny-lindy-exchange2",2025-11-24
"218","October 2026",9,105,"Lindy Poh! Festival","Chile","Santiago","","http://www.lindypoh.cl","https://www.swingplanit.com/event/lindy-poh-festival1",2025-11-24
"219","October 2026",10,172,"Grand-Heidel-Bal","Germany","Heidelberg","","http://www.balboa-heidelberg.de","https://www.swingplanit.com/event/grand-heidel-bal1",2025-11-24
"220","October 2026",23,411,"20th Munich Balboa & Shag Weekend","Germany","Munich","","http://www.balboashag.de","https://www.swingplanit.com/event/20th-munich-balboa-shag-weekend",2025-11-24
"221","February 2027",4,54,"20th Rock That Swing Festival","Germany","Munich","","http://www.rockthatswing.com","https://www.swingplanit.com/event/20th-rock-that-swing-festival",2025-11-24
